ID,OtherWords
1,Park
2,Village
3,Place
4,Creek
5,Ridge
6,Homes
7,Pointe
8,Square
9,Lake
10,Oaks
11,Gardens
12,Crossing
13,Court
14,Parks
15,Par
16,Prag
17,Braks
18,Villages
19,Villge
20,Veliage
21,Plate
22,Plaza
23,Palte
24,Pale
25,Crook
26,Kreek
27,Crocs
28,Crock
29,Creake
30,Cake
31,Criket
32,Bridge
33,fridge
34,frige
35,doge
36,dgire
37,Holmes
38,Hom
39,Hermes
40,Home
41,Mom
42,Monk
43,Kale
44,Kake
45,look
46,point
47,pink
48,pint
49,foile
50,dante
51,spuare
52,spare
53,quake
54,sake
55,aol
56,sudden
57,bourt
58,bark
59,bird
60,barks
61,sort
62,found
63,ooh
64,shoot
65,font
66,print
67,lurk
68,grossing
69,singing
70,Cross
71,groos
72,yard
73,couch
74,church
75,fountain
